Cidade;n;m;k_avg;edge_length_total;edge_length_avg;streets_per_node_avg;streets_per_node_counts;streets_per_node_proportions;intersection_count;street_length_total;street_segment_count;street_length_avg;circuity_avg;self_loop_proportion;node_density_km;intersection_density_km;edge_density_km;street_density_km;0 way_int_count;1 way_int_count;2 way_int_count;3 way_int_count;4 way_int_count;5 way_int_count;6 way_int_count;7 way_int_count;8 way_int_count;0 way_int_prop;1 way_int_prop;2 way_int_prop;3 way_int_prop;4 way_int_prop;5 way_int_prop;6 way_int_prop;7 way_int_prop;8 way_int_prop
São Luís;32324;83061;5,139277317163717;7581175,643999965;91,272385885072;2,8792228684568744;{0: 0, 1: 4543, 2: 73, 3: 22546, 4: 5073, 5: 86, 6: 2, 7: 1};{0: 0.0, 1: 0.1405457245390422, 2: 0.0022583838633832448, 3: 0.6975003093676525, 4: 0.15694221012250958, 5: 0.002660561811656973, 6: 6.187353050365054e-05, 7: 3.093676525182527e-05};27781;4145398,239000004;46478;89,19054690391161;1,0690548900468375;0,00352855114247601;38,825525721998304;33,36876407879083;9106,02431534178;4979,1877848107015;0;4543;73;22546;5073;86;2;1;0;0,0;0,1405457245390422;0,0022583838633832448;0,6975003093676525;0,15694221012250958;0,002660561811656973;6,187353050365054e-05;3,093676525182527e-05;0,0
Teresina;33266;90908;5,465520351109241;10241980,251000086;112,66313471861757;3,041904647387723;{0: 0, 1: 3840, 2: 19, 3: 20359, 4: 9008, 5: 36, 6: 3, 7: 1};{0: 0.0, 1: 0.11543317501352733, 2: 0.0005711537305356821, 3: 0.6120062526303133, 4: 0.2707869897192329, 5: 0.0010821860157518186, 6: 9.018216797931822e-05, 7: 3.006072265977274e-05};29426;5540584,705000028;50563;109,5778475367369;1,04110034695635;0,00120641575855863;23,781885604634475;21,036667041483017;7321,998517832307;3960,9677038747705;0;3840;19;20359;9008;36;3;1;0;0,0;0,11543317501352733;0,0005711537305356821;0,6120062526303133;0,2707869897192329;0,0010821860157518186;9,018216797931822e-05;3,006072265977274e-05;0,0
Aracajú;18184;45036;4,953365596128465;3518264,7579999813;78,12116435740255;2,8892432908051036;{0: 0, 1: 2429, 2: 40, 3: 12866, 4: 2817, 5: 30, 6: 1, 7: 1};{0: 0.0, 1: 0.13357897052353718, 2: 0.002199736031676199, 3: 0.7075450945886493, 4: 0.15491641003079631, 5: 0.0016498020237571492, 6: 5.4993400791904974e-05, 7: 5.4993400791904974e-05};15755;2019308,187000013;26254;76,91430589624487;1,0528152916160127;0,0022472766054696426;97,57373449230428;84,53993548868533;18878,697281715868;10835,428997826419;0;2429;40;12866;2817;30;1;1;0;0,0;0,13357897052353718;0,002199736031676199;0,7075450945886493;0,15491641003079631;0,0016498020237571492;5,4993400791904974e-05;5,4993400791904974e-05;0,0
Ribeirão Preto;28323;67719;4,7819086961126995;7495406,574000052;110,68395242103475;2,9745436570984713;{0: 0, 1: 3707, 2: 58, 3: 17882, 4: 6606, 5: 65, 6: 5};{0: 0.0, 1: 0.1308830279278325, 2: 0.002047805670303287, 3: 0.6313596723510928, 4: 0.23323800444868129, 5: 0.0022949546305123044, 6: 0.00017653497157786956};24616;4432890,718999996;42117;105,2518156326423;1,0565521665221416;0,004036374860507634;43,48538293582603;37,79388434658382;11507,983798683053;6805,986316011157;0;3707;58;17882;6606;65;5;0;0;0,0;0,1308830279278325;0,002047805670303287;0,6313596723510928;0,23323800444868129;0,0022949546305123044;0,00017653497157786956;0,0;0,0
João Pessoa;20750;56038;5,401253012048193;4819275,082000007;86,00012637852898;3,0042409638554215;{0: 0, 1: 1848, 2: 36, 3: 15077, 4: 3761, 5: 25, 6: 3};{0: 0.0, 1: 0.08906024096385542, 2: 0.0017349397590361445, 3: 0.7266024096385543, 4: 0.18125301204819277, 5: 0.0012048192771084338, 6: 0.00014457831325301204};18902;2656558,956000001;31151;85,28005380244619;1,0453661159639591;0,0017655933998908541;98,31371262403005;89,5578696876827;22833,77472134446;12586,803555131442;0;1848;36;15077;3761;25;3;0;0;0,0;0,08906024096385542;0,0017349397590361445;0,7266024096385543;0,18125301204819277;0,0012048192771084338;0,00014457831325301204;0,0;0,0
São Paulo;193585;476547;4,923387659167807;36766696,356000155;77,15229842177195;2,858083012630111;{0: 0, 1: 29371, 2: 360, 3: 132765, 4: 30580, 5: 480, 6: 27, 7: 2};{0: 0.0, 1: 0.1517214660226774, 2: 0.0018596482165457034, 3: 0.6858227651935842, 4: 0.1579667846165767, 5: 0.0024795309553942713, 6: 0.00013947361624092776, 7: 1.0331378980809464e-05};164214;20896471,808999833;276447;75,58943236497352;1,0578125879775384;0,0018303689314769197;127,09319773419341;107,81043145245157;24138,21840538356;13719,035170949268;0;29371;360;132765;30580;480;27;2;0;0,0;0,1517214660226774;0,0018596482165457034;0,6858227651935842;0,1579667846165767;0,0024795309553942713;0,00013947361624092776;1,0331378980809464e-05;0,0
Guarulhos;26113;64532;4,942519051813273;5692870,33999997;88,21778869398082;2,7980316317542986;{0: 0, 1: 4240, 2: 55, 3: 18589, 4: 3200, 5: 26, 6: 3};{0: 0.0, 1: 0.1623712327193352, 2: 0.0021062306131045838, 3: 0.711867652127293, 4: 0.12254432658063033, 5: 0.0009956726534676216, 6: 0.00011488530616934095};21873;3164030,4119999832;36501;86,68338982493584;1,0760340562329551;0,00350675323963727;81,71479248535103;68,4466608980999;17814,56433497137;9901,125436905693;0;4240;55;18589;3200;26;3;0;0;0,0;0,1623712327193352;0,0021062306131045838;0,711867652127293;0,12254432658063033;0,0009956726534676216;0,00011488530616934095;0,0;0,0
São Caetano do Sul;2907;6663;4,584107327141383;484789,097999999;72,75838180999534;3,0973512211902303;{0: 0, 1: 206, 2: 5, 3: 2004, 4: 685, 5: 6, 6: 1};{0: 0.0, 1: 0.07086343309253526, 2: 0.0017199862401100791, 3: 0.6893704850361198, 4: 0.23563811489508085, 5: 0.0020639834881320948, 6: 0.0003439972480220158};2701;322164,32599999884;4475;71,99202815642433;1,0358587555554397;0,0022346368715083797;189,84609155655284;176,39294574965572;31659,895247515127;21039,435201255907;0;206;5;2004;685;6;1;0;0;0,0;0,07086343309253526;0,0017199862401100791;0,6893704850361198;0,23563811489508085;0,0020639834881320948;0,0003439972480220158;0,0;0,0
Diadema;5861;14444;4,928851731786384;1059658,8560000001;73,36325505400167;2,8334755161235283;{0: 0, 1: 836, 2: 18, 3: 4306, 4: 688, 5: 13};{0: 0.0, 1: 0.14263777512369902, 2: 0.0030711482682136155, 3: 0.7346869134959905, 4: 0.11738611158505374, 5: 0.002218051527043167};5025;598855,8169999975;8250;72,58858387878757;1,0635633133747264;0,0030303030303030303;190,00568823459486;162,90369960396504;34352,706061792094;19414,095147990975;0;836;18;4306;688;13;0;0;0;0,0;0,14263777512369902;0,0030711482682136155;0,7346869134959905;0,11738611158505374;0,002218051527043167;0,0;0,0;0,0
Santo André;14754;36401;4,934390673715603;2567522,4729999914;70,53439391774927;2,9779720753693915;{0: 0, 1: 1580, 2: 21, 3: 10369, 4: 2715, 5: 66, 6: 3};{0: 0.0, 1: 0.10708960281957436, 2: 0.0014233428222854819, 3: 0.7027924630608648, 4: 0.184017893452623, 5: 0.004473363155754371, 6: 0.00020333468889792598};13174;1490506,689999991;21895;68,0752084950898;1,0515448658922846;0,0019182461749257822;84,65488231271426;75,58922458910789;14731,822745497042;8552,166763471772;0;1580;21;10369;2715;66;3;0;0;0,0;0,10708960281957436;0,0014233428222854819;0,7027924630608648;0,184017893452623;0,004473363155754371;0,00020333468889792598;0,0;0,0
Carapicuíba;5608;13812;4,925820256776034;1124204,4660000044;81,39331494352768;2,7227175463623396;{0: 0, 1: 1013, 2: 12, 3: 4105, 4: 473, 5: 5};{0: 0.0, 1: 0.18063480741797433, 2: 0.0021398002853067048, 3: 0.7319900142653353, 4: 0.08434379457917261, 5: 0.000891583452211127};4595;598578,0760000004;7617;78,58449205724042;1,070300604524132;0,0026257056583956937;155,79502279164208;127,6530188529949;31231,358845031475;16629,0094495359;0;1013;12;4105;473;5;0;0;0;0,0;0,18063480741797433;0,0021398002853067048;0,7319900142653353;0,08434379457917261;0,000891583452211127;0,0;0,0;0,0
Rancho Queimado;2179;4715;4,3276732446076185;1094045,6989999996;232,03514294803807;2,218448829738412;{0: 0, 1: 878, 2: 0, 3: 1249, 4: 51, 5: 1};{0: 0.0, 1: 0.40293712712253327, 2: 0.0, 3: 0.5731987150068839, 4: 0.023405231757687012, 5: 0.0004589261128958238};1301;547927,2019999998;2387;229,54637704231246;1,1947749237597352;0,0016757436112274822;7,615902264420269;4,54717248554877;3823,8389703503226;1915,0803205366044;0;878;0;1249;51;1;0;0;0;0,0;0,40293712712253327;0,0;0,5731987150068839;0,023405231757687012;0,0004589261128958238;0,0;0,0;0,0
Franco da Rocha;3795;9030;4,758893280632411;1269270,3370000022;140,56149911406447;2,617391304347826;{0: 0, 1: 861, 2: 9, 3: 2653, 4: 265, 5: 7};{0: 0.0, 1: 0.22687747035573122, 2: 0.0023715415019762848, 3: 0.6990777338603426, 4: 0.06982872200263504, 5: 0.001844532279314888};2934;659371,0969999983;4926;133,8552775071048;1,1326108109547917;0,003451075923670321;28,410727935233858;21,964973850323094;9502,211915881331;4936,287969755901;0;861;9;2653;265;7;0;0;0;0,0;0,22687747035573122;0,0023715415019762848;0,6990777338603426;0,06982872200263504;0,001844532279314888;0,0;0,0;0,0
Angelina;1783;3957;4,4385866517106;1607669,0280000023;406,28481880212337;2,24733595064498;{0: 0, 1: 691, 2: 0, 3: 1052, 4: 40};{0: 0.0, 1: 0.38754907459338195, 2: 0.0, 3: 0.5900168255748738, 4: 0.022434099831744252};1092;803897,9760000008;1983;405,3948441754921;1,2276504873876168;0,0015128593040847202;3,571674560589781;2,1874753898844874;3220,4546097339926;1610,3544308406156;0;691;0;1052;40;0;0;0;0;0,0;0,38754907459338195;0,0;0,5900168255748738;0,022434099831744252;0,0;0,0;0,0;0,0
Anitápolis;635;1438;4,529133858267716;927001,217;644,6461870653685;2,3196850393700785;{0: 0, 1: 219, 2: 0, 3: 410, 4: 6};{0: 0.0, 1: 0.34488188976377954, 2: 0.0, 3: 0.6456692913385826, 4: 0.009448818897637795};416;463770,47500000044;722;642,3413781163441;1,302481880496302;0,0;1,1744870501834244;0,769427736813078;1714,5683856232665;857,7833340864819;0;219;0;410;6;0;0;0;0;0,0;0,34488188976377954;0,0;0,6456692913385826;0,009448818897637795;0,0;0,0;0,0;0,0
Osasco;11763;28606;4,863725240159823;2182170,510999982;76,28366465077193;2,837371418855734;{0: 0, 1: 1632, 2: 15, 3: 8776, 4: 1317, 5: 20, 6: 3};{0: 0.0, 1: 0.13874011731701097, 2: 0.0012751849018107625, 3: 0.7460681798860834, 4: 0.11196123437898495, 5: 0.0017002465357476835, 6: 0.0002550369803621525};10131;1249013,1399999952;16585;75,30980645161262;1,0656975289625263;0,0025927042508290623;182,3440533775412;157,04561801988183;33826,899272011986;19361,567514189363;0;1632;15;8776;1317;20;3;0;0;0,0;0,13874011731701097;0,0012751849018107625;0,7460681798860834;0,11196123437898495;0,0017002465357476835;0,0002550369803621525;0,0;0,0
Barueri;8418;18866;4,482299833689712;1550940,6439999943;82,20823937241568;2,77928248990259;{0: 0, 1: 1310, 2: 27, 3: 6300, 4: 773, 5: 8};{0: 0.0, 1: 0.15561891185554763, 2: 0.0032074126870990736, 3: 0.7483962936564504, 4: 0.09182703730102162, 5: 0.000950344499881207};7108;938422,9900000028;11641;80,6136062193972;1,1108706852356292;0,005240099647796581;130,75936484844783;110,41073477580983;24091,23467891208;14576,810897075513;0;1310;27;6300;773;8;0;0;0;0,0;0,15561891185554763;0,0032074126870990736;0,7483962936564504;0,09182703730102162;0,000950344499881207;0,0;0,0;0,0
Santana de Parnaíba;6999;15595;4,456350907272467;1869829,8570000024;119,89931753767249;2,668809829975711;{0: 0, 1: 1376, 2: 18, 3: 5161, 4: 436, 5: 8};{0: 0.0, 1: 0.1965995142163166, 2: 0.002571795970852979, 3: 0.7373910558651235, 4: 0.0622946135162166, 5: 0.001143020431490213};5623;1019657,4589999985;9308;109,54635356682408;1,1292853325944534;0,003975075204125484;38,893508977269;31,247064006169968;10390,662141619547;5666,246111638197;0;1376;18;5161;436;8;0;0;0;0,0;0,1965995142163166;0,002571795970852979;0,7373910558651235;0,0622946135162166;0,001143020431490213;0,0;0,0;0,0
Manaus;43417;109056;5,0236543289494895;11873533,191999923;108,87556110621996;2,767257065204874;{0: 0, 1: 8405, 2: 91, 3: 28188, 4: 6676, 5: 52, 6: 4, 7: 1};{0: 0.0, 1: 0.193587765161112, 2: 0.002095953198056061, 3: 0.6492387774374093, 4: 0.15376465439804685, 5: 0.0011976875417463206, 6: 9.212981090356311e-05, 7: 2.303245272589078e-05};35012;6349951,746000023;60107;105,64413040078564;1,0911936884373252;0,0037266874074567023;3,802401838980739;3,066303364727955;1039,8678960881532;556,12014179767;0;8405;91;28188;6676;52;4;1;0;0,0;0,193587765161112;0,002095953198056061;0,6492387774374093;0,15376465439804685;0,0011976875417463206;9,212981090356311e-05;2,303245272589078e-05;0,0
São Bonifácio;588;1298;4,414965986394558;853021,8440000016;657,1816979969195;2,253401360544218;{0: 0, 1: 224, 2: 2, 3: 351, 4: 11};{0: 0.0, 1: 0.38095238095238093, 2: 0.003401360544217687, 3: 0.5969387755102041, 4: 0.01870748299319728};364;426629,33100000006;650;656,3528169230771;1,29184105155127;0,0;1,2729660122152617;0,7880265789904002;1846,713971240121;923,6133302332229;0;224;2;351;11;0;0;0;0;0,0;0,38095238095238093;0,003401360544217687;0,5969387755102041;0,01870748299319728;0,0;0,0;0,0;0,0
Vitória;13358;31183;4,668812696511454;1800073,5000000051;57,726116794407375;2,723087288516245;{0: 0, 1: 2739, 2: 15, 3: 8848, 4: 1720, 5: 34, 6: 2};{0: 0.0, 1: 0.20504566551879025, 2: 0.0011229225932025753, 3: 0.6623746069770924, 4: 0.12876179068722862, 5: 0.0025452912112591706, 6: 0.00014972301242701004};10619;1040496,2570000056;18169;57,26766784082809;1,069267761219092;0,0028620177224943587;138,79969866860804;110,33942208129577;18704,121828218846;10811,541169143235;0;2739;15;8848;1720;34;2;0;0;0,0;0,20504566551879025;0,0011229225932025753;0,6623746069770924;0,12876179068722862;0,0025452912112591706;0,00014972301242701004;0,0;0,0
Salvador;49322;116499;4,724017679737237;8334545,630999995;71,5417783071099;2,664632415554925;{0: 0, 1: 10399, 2: 155, 3: 34460, 4: 4211, 5: 91, 6: 5, 7: 1};{0: 0.0, 1: 0.21083897652163336, 2: 0.0031426138437208547, 3: 0.6986740197072301, 4: 0.08537772190908723, 5: 0.0018450184501845018, 6: 0.00010137464012002758, 7: 2.0274928024005515e-05};38923;4693304,724999947;65723;71,41038487287474;1,093157696107308;0,004488535215982229;71,26629294661713;56,24058068126148;12042,743005470045;6781,44498235247;0;10399;155;34460;4211;91;5;1;0;0,0;0,21083897652163336;0,0031426138437208547;0,6986740197072301;0,08537772190908723;0,0018450184501845018;0,00010137464012002758;2,0274928024005515e-05;0,0
Belo Horizonte;47518;120015;5,051348962498421;10215953,189000122;85,12230295379847;2,984006060861147;{0: 0, 1: 5629, 2: 140, 3: 31423, 4: 10047, 5: 247, 6: 31, 7: 1};{0: 0.0, 1: 0.11846037291131782, 2: 0.0029462519466307503, 3: 0.6612862494212719, 4: 0.21143566648427964, 5: 0.0051980302201271094, 6: 0.0006523843596110947, 7: 2.1044656761648216e-05};41889;5907733,301000074;70617;83,658797470865;1,050697974691672;0,002294065168443859;143,56327713156068;126,55671778618513;30864,845297265787;17848,679513254414;0;5629;140;31423;10047;247;31;1;0;0,0;0,11846037291131782;0,0029462519466307503;0,6612862494212719;0,21143566648427964;0,0051980302201271094;0,0006523843596110947;2,1044656761648216e-05;0,0
Curitiba;67975;173501;5,104847370356749;12771053,486999955;73,6079531933531;2,830261125413755;{0: 0, 1: 13184, 2: 154, 3: 39986, 4: 14365, 5: 245, 6: 35, 7: 6};{0: 0.0, 1: 0.1939536594336153, 2: 0.0022655388010297903, 3: 0.5882456785582935, 4: 0.21132769400514895, 5: 0.0036042662743655755, 6: 0.0005148951820522251, 7: 8.826774549466715e-05};54791;7014113,142999977;96198;72,91329490218068;1,055592584146808;0,003659119732218965;156,52109552858792;126,16325627225982;29406,977312827155;16150,88890480064;0;13184;154;39986;14365;245;35;6;0;0,0;0,1939536594336153;0,0022655388010297903;0,5882456785582935;0,21132769400514895;0,0036042662743655755;0,0005148951820522251;8,826774549466715e-05;0,0
Porto Alegre;45348;107985;4,762503307753374;8341849,465000129;77,25007607538204;2,7462512128429037;{0: 0, 1: 9652, 2: 90, 3: 28119, 4: 7147, 5: 287, 6: 46, 7: 7};{0: 0.0, 1: 0.2128429037664285, 2: 0.001984652024345065, 3: 0.6200714474728765, 4: 0.15760342242215752, 5: 0.006328834788744818, 6: 0.0010143777013319221, 7: 0.00015436182411572726};35696;4733392,532000018;62260;76,02622120141372;1,0574735315447017;0,0019434628975265019;91,92028486308261;72,35570451778683;16908,908421711327;9594,575061970309;0;9652;90;28119;7147;287;46;7;0;0,0;0,2128429037664285;0,001984652024345065;0,6200714474728765;0,15760342242215752;0,006328834788744818;0,0010143777013319221;0,00015436182411572726;0,0
Florianópolis;25792;61948;4,8036600496277915;5385075,11700004;86,92895843287982;2,6686569478908186;{0: 0, 1: 6264, 2: 96, 3: 15465, 4: 3868, 5: 87, 6: 12};{0: 0.0, 1: 0.24286600496277916, 2: 0.0037220843672456576, 3: 0.5996045285359801, 4: 0.14996898263027295, 5: 0.0033731389578163773, 6: 0.0004652605459057072};19528;2911061,155000016;34443;84,51822300612653;1,0713576551584103;0,0027291467061521936;38,63938312772139;29,25519051326548;8067,4620276567775;4361,104500475835;0;6264;96;15465;3868;87;12;0;0;0,0;0,24286600496277916;0,0037220843672456576;0,5996045285359801;0,14996898263027295;0,0033731389578163773;0,0004652605459057072;0,0;0,0
Palhoça;9639;23204;4,814607324411246;2498008,6550000147;107,65422578003856;2,597364871874676;{0: 0, 1: 2602, 2: 9, 3: 5708, 4: 1309, 5: 10, 6: 1};{0: 0.0, 1: 0.26994501504305424, 2: 0.0009337068160597573, 3: 0.5921776117854549, 4: 0.13580246913580246, 5: 0.0010374520178441746, 6: 0.00010374520178441747};7037;1340421,7130000058;12507;107,17371975693658;1,0713549949144976;0,001359238826257296;24,27524334265622;17,722262413349085;6291,084964434767;3375,7716842883324;0;2602;9;5708;1309;10;1;0;0;0,0;0,26994501504305424;0,0009337068160597573;0,5921776117854549;0,13580246913580246;0,0010374520178441746;0,00010374520178441747;0,0;0,0
Feira de Santana;24860;64312;5,173934030571199;8351438,196999963;129,85816328212408;2,7644408688656474;{0: 0, 1: 4342, 2: 13, 3: 17677, 4: 2815, 5: 13};{0: 0.0, 1: 0.1746580852775543, 2: 0.0005229283990345938, 3: 0.7110619469026549, 4: 0.11323411102172164, 5: 0.0005229283990345938};20518;4382937,556000002;34302;127,77498559850743;1,0618661309448674;0,0021864614308203605;18,39485364144807;15,182043725471903;6179,544783966745;3243,1011609905927;0;4342;13;17677;2815;13;0;0;0;0,0;0,1746580852775543;0,0005229283990345938;0,7110619469026549;0,11323411102172164;0,0005229283990345938;0,0;0,0;0,0
São José;8582;20849;4,858774178513167;1799407,4049999926;86,30665283706617;2,7194127243066886;{0: 0, 1: 1898, 2: 15, 3: 5293, 4: 1352, 5: 23, 6: 0, 7: 0, 8: 1};{0: 0.0, 1: 0.22116056863202052, 2: 0.0017478443253320904, 3: 0.6167560009321836, 4: 0.15753903518993242, 5: 0.0026800279655092053, 6: 0.0, 7: 0.0, 8: 0.00011652295502213937};6684;995615,3040000043;11641;85,52661317756244;1,0735124378832956;0,0024052916416115455;56,418702409217595;43,94111010291429;11829,43729848952;6545,248607601835;0;1898;15;5293;1352;23;0;0;1;0,0;0,22116056863202052;0,0017478443253320904;0,6167560009321836;0,15753903518993242;0,0026800279655092053;0,0;0,0;0,00011652295502213937
Águas Mornas;2409;5426;4,504773765047737;1607283,265000002;296,21881035753813;2,285595682855957;{0: 0, 1: 906, 2: 0, 3: 1418, 4: 80, 5: 4, 6: 1};{0: 0.0, 1: 0.37608966376089664, 2: 0.0, 3: 0.5886259858862598, 4: 0.033208800332088007, 5: 0.0016604400166044002, 6: 0.00041511000415110004};1503;804179,8849999997;2725;295,1118844036696;1,2839588158846222;0,004403669724770643;7,378428118930425;4,6034775685979366;4922,882539461319;2463,089861420603;0;906;0;1418;80;4;1;0;0;0,0;0,37608966376089664;0,0;0,5886259858862598;0,033208800332088007;0,0016604400166044002;0,00041511000415110004;0,0;0,0
Antônio Carlos;1207;2660;4,407622203811102;865559,8689999998;325,3984469924811;2,2659486329743164;{0: 0, 1: 464, 2: 0, 3: 703, 4: 38, 5: 2};{0: 0.0, 1: 0.3844241922120961, 2: 0.0, 3: 0.5824357912178956, 4: 0.03148301574150787, 5: 0.0016570008285004142};743;433572,53300000035;1352;320,6897433431955;1,2143847932290461;0,0014792899408284023;5,1788119352413675;3,1879513404178423;3713,8125768377413;1860,3070494558685;0;464;0;703;38;2;0;0;0;0,0;0,3844241922120961;0,0;0,5824357912178956;0,03148301574150787;0,0016570008285004142;0,0;0,0;0,0
Mogi das Cruzes;15100;36799;4,874039735099338;5196547,62300001;141,21437058072257;2,708476821192053;{0: 0, 1: 3255, 2: 19, 3: 9712, 4: 2104, 5: 9, 6: 0, 7: 0, 8: 1};{0: 0.0, 1: 0.21556291390728477, 2: 0.0012582781456953642, 3: 0.6431788079470199, 4: 0.13933774834437085, 5: 0.0005960264900662252, 6: 0.0, 7: 0.0, 8: 6.622516556291391e-05};11845;2768728,6390000177;20416;135,6156269102673;1,1002796362000715;0,003771551724137931;21,117405721410137;16,5652762099406;7267,391026855672;3872,077218692124;0;3255;19;9712;2104;9;0;0;1;0,0;0,21556291390728477;0,0012582781456953642;0,6431788079470199;0,13933774834437085;0,0005960264900662252;0,0;0,0;6,622516556291391e-05
Biguaçu;3861;8502;4,404040404040404;1481052,3150000072;174,20046047988794;2,398860398860399;{0: 0, 1: 1269, 2: 5, 3: 2369, 4: 215, 5: 2, 6: 1};{0: 0.0, 1: 0.32867132867132864, 2: 0.001295001295001295, 3: 0.6135716135716136, 4: 0.05568505568505568, 5: 0.000518000518000518, 6: 0.000259000259000259};2592;780891,369000001;4601;169,72209715279308;1,1472648797422726;0,0019560965007607042;10,42973799867476;7,001782152956482;4000,7737911890167;2109,425636906621;0;1269;5;2369;215;2;1;0;0;0,0;0,32867132867132864;0,001295001295001295;0,6135716135716136;0,05568505568505568;0,000518000518000518;0,000259000259000259;0,0;0,0
Governador Celso Ramos;1603;3866;4,8234560199625705;492554,78000000096;127,40682359027443;2,5177791640673735;{0: 0, 1: 476, 2: 1, 3: 947, 4: 178, 5: 1};{0: 0.0, 1: 0.29694323144104806, 2: 0.0006238303181534623, 3: 0.5907673112913288, 4: 0.11104179663131628, 5: 0.0006238303181534623};1127;255879,19199999954;2013;127,11335916542451;1,0881609416973343;0,0;13,712425404889645;9,640613494267393;4213,425251760352;2188,8486169453704;0;476;1;947;178;1;0;0;0;0,0;0,29694323144104806;0,0006238303181534623;0,5907673112913288;0,11104179663131628;0,0006238303181534623;0,0;0,0;0,0
Santo Amaro da Imperatriz;1991;4295;4,314414866901055;931541,7910000007;216,88982328288722;2,2571572074334507;{0: 0, 1: 784, 2: 2, 3: 1119, 4: 81, 5: 5};{0: 0.0, 1: 0.3937719738824711, 2: 0.0010045203415369162, 3: 0.5620291310899046, 4: 0.040683073832245106, 5: 0.0025113008538422904};1207;470536,1339999993;2234;210,62494807520113;1,1562168400105155;0,0008952551477170994;5,787385053968392;3,5084750176493467;2707,780531582296;1367,7417324277574;0;784;2;1119;81;5;0;0;0;0,0;0,3937719738824711;0,0010045203415369162;0,5620291310899046;0,040683073832245106;0,0025113008538422904;0,0;0,0;0,0
São Pedro de Alcântara;940;2095;4,457446808510638;684933,7400000008;326,9373460620529;2,3085106382978724;{0: 0, 1: 349, 2: 0, 3: 544, 4: 46, 5: 1};{0: 0.0, 1: 0.37127659574468086, 2: 0.0, 3: 0.5787234042553191, 4: 0.04893617021276596, 5: 0.0010638297872340426};591;343040,49500000017;1064;322,4064802631581;1,2454433436616656;0,0037593984962406013;6,773625818415307;4,258737083705794;4935,622196986981;2471,944631589328;0;349;0;544;46;1;0;0;0;0,0;0,37127659574468086;0,0;0,5787234042553191;0,04893617021276596;0,0010638297872340426;0,0;0,0;0,0
Campinas;47633;116499;4,891524783238511;12021788,65700021;103,19220471420536;2,8896563306951064;{0: 0, 1: 6547, 2: 110, 3: 33107, 4: 7792, 5: 75, 6: 2};{0: 0.0, 1: 0.13744672810866415, 2: 0.002309323368253102, 3: 0.6950433522977768, 4: 0.16358406986752883, 5: 0.0015745386601725695, 6: 4.1987697604601855e-05};41086;6888581,784999949;68767;100,17278323905288;1,0796185640038651;0,0036645484025768175;59,914923989684716;51,67981372242324;15121,545012999843;8664,767158167628;0;6547;110;33107;7792;75;2;0;0;0,0;0,13744672810866415;0,002309323368253102;0,6950433522977768;0,16358406986752883;0,0015745386601725695;4,1987697604601855e-05;0,0;0,0
Belém;24340;59977;4,928266228430567;4866960,201000032;81,14710974206832;2,7993837304847986;{0: 0, 1: 4416, 2: 37, 3: 15947, 4: 3901, 5: 33, 6: 5, 7: 1};{0: 0.0, 1: 0.18142974527526706, 2: 0.0015201314708299097, 3: 0.655176663927691, 4: 0.16027115858668858, 5: 0.0013557929334428924, 6: 0.00020542317173377156, 7: 4.108463434675431e-05};19924;2709656,698000013;34018;79,65361567405529;1,0495952363092256;0,0014698101005350109;22,41537046340654;18,348555509979946;4482,116513396519;2495,3968247461453;0;4416;37;15947;3901;33;5;1;0;0,0;0,18142974527526706;0,0015201314708299097;0,655176663927691;0,16027115858668858;0,0013557929334428924;0,00020542317173377156;4,108463434675431e-05;0,0
Araucária;7056;17479;4,954365079365079;2712903,9170000125;155,20933217003332;2,6863662131519273;{0: 0, 1: 1711, 2: 7, 3: 4131, 4: 1198, 5: 9};{0: 0.0, 1: 0.24248866213151926, 2: 0.000992063492063492, 3: 0.5854591836734694, 4: 0.16978458049886622, 5: 0.0012755102040816326};5345;1415710,6219999988;9448;149,8423604995765;1,0922286006106507;0,00560965283657917;15,089138325458752;11,430193360200827;5801,499782779486;3027,473555014063;0;1711;7;4131;1198;9;0;0;0;0,0;0,24248866213151926;0,000992063492063492;0,5854591836734694;0,16978458049886622;0,0012755102040816326;0,0;0,0;0,0
Fazenda Rio Grande;5097;12468;4,8922895821071215;1294403,9240000055;103,81808822585863;2,569746909947028;{0: 0, 1: 1525, 2: 2, 3: 2715, 4: 851, 5: 4};{0: 0.0, 1: 0.2991956052579949, 2: 0.00039238767902687857, 3: 0.5326662742789876, 4: 0.16696095742593683, 5: 0.0007847753580537571};3572;673385,8219999986;6539;102,97993913442401;1,0543377061092396;0,0025997858999847073;43,60005964670982;30,5551134114278;11072,412849388953;5760,184815469623;0;1525;2;2715;851;4;0;0;0;0,0;0,2991956052579949;0,00039238767902687857;0,5326662742789876;0,16696095742593683;0,0007847753580537571;0,0;0,0;0,0
Vila Velha;13976;36810;5,267601602747567;3125230,978999985;84,90168375441415;3,003148254149971;{0: 0, 1: 1722, 2: 14, 3: 8792, 4: 3400, 5: 42, 6: 6};{0: 0.0, 1: 0.1232112192329708, 2: 0.001001717229536348, 3: 0.6290784201488265, 4: 0.24327418431597023, 5: 0.003005151688609044, 6: 0.0004293073840870063};12254;1739564,284999994;20967;82,96677087804618;1,0589874461199416;0,0020508417990175035;66,45716748028666;58,2688988482708;14860,761203919737;8271,788425226798;0;1722;14;8792;3400;42;6;0;0;0,0;0,1232112192329708;0,001001717229536348;0,6290784201488265;0,24327418431597023;0,003005151688609044;0,0004293073840870063;0,0;0,0
Olinda;7243;19476;5,377882093055364;1488742,558000003;76,43985202300283;2,8743614524368355;{0: 0, 1: 1034, 2: 2, 3: 5052, 4: 1150, 5: 5};{0: 0.0, 1: 0.14275852547287035, 2: 0.00027612867596299873, 3: 0.6975010354825348, 4: 0.15877398867872428, 5: 0.0006903216899074969};6209;790734,9270000029;10329;76,55483851292506;1,0465599667740824;0,0016458514861070772;175,33468909011535;150,3041674113663;36038,68749719088;19141,690263459972;0;1034;2;5052;1150;5;0;0;0;0,0;0,14275852547287035;0,00027612867596299873;0,6975010354825348;0,15877398867872428;0,0006903216899074969;0,0;0,0;0,0
Novo Hamburgo;8664;22402;5,171283471837488;2372461,0900000203;105,90398580483976;2,830909510618652;{0: 0, 1: 1576, 2: 13, 3: 5410, 4: 1633, 5: 29, 6: 3};{0: 0.0, 1: 0.1819021237303786, 2: 0.0015004616805170822, 3: 0.6244228993536473, 4: 0.18848107109879964, 5: 0.003347183748845799, 6: 0.00034626038781163435};7088;1262505,5360000033;12202;103,46709850844151;1,056722641386875;0,0027864284543517455;38,752461148743016;31,703306166007675;10611,577356547818;5646,952531615086;0;1576;13;5410;1633;29;3;0;0;0,0;0,1819021237303786;0,0015004616805170822;0,6244228993536473;0,18848107109879964;0,003347183748845799;0,00034626038781163435;0,0;0,0
Camaçari;17611;43651;4,957242632445631;5762917,370999998;132,0225738471054;2,6820737039350404;{0: 0, 1: 3603, 2: 33, 3: 12349, 4: 1613, 5: 12, 6: 1};{0: 0.0, 1: 0.20458804156493102, 2: 0.0018738288569643974, 3: 0.7012094713531316, 4: 0.09159048322071432, 5: 0.0006813923116234171, 6: 5.6782692635284766e-05};14008;3043011,3179999907;23582;129,03957755915488;1,0996886996370856;0,002968365702654567;22,187536765125813;17,64823207119882;7260,5156460987255;3833,792828051715;0;3603;33;12349;1613;12;1;0;0;0,0;0,20458804156493102;0,0018738288569643974;0,7012094713531316;0,09159048322071432;0,0006813923116234171;5,6782692635284766e-05;0,0;0,0
Canoas;11163;28726;5,146645167069784;2687140,8900000066;93,54385887349463;2,8719878168951;{0: 0, 1: 1880, 2: 15, 3: 6952, 4: 2290, 5: 22, 6: 4};{0: 0.0, 1: 0.16841350891337453, 2: 0.0013437248051599033, 3: 0.6227716563647765, 4: 0.20514198692107857, 5: 0.0019707963809011916, 6: 0.00035832661470930756};9283;1483654,4089999828;16027;92,5721850003109;1,0663203090850542;0,0038060772446496536;85,12999506709724;70,79295388406914;20492,366810919633;11314,475725113824;0;1880;15;6952;2290;22;4;0;0;0,0;0,16841350891337453;0,0013437248051599033;0,6227716563647765;0,20514198692107857;0,0019707963809011916;0,00035832661470930756;0,0;0,0
Santa Maria;25370;58558;4,616318486401261;7610644,096999957;129,96762350148498;2,46192353173039;{0: 0, 1: 8391, 2: 38, 3: 13835, 4: 3050, 5: 49, 6: 7};{0: 0.0, 1: 0.33074497437918804, 2: 0.0014978320851399291, 3: 0.5453291288923926, 4: 0.12022073314938904, 5: 0.001931415057154119, 6: 0.00027591643673630274};16979;3924076,78200002;31207;125,74348005255295;1,0836128603059185;0,0025635274137212807;14,235381869314269;9,527100857669964;4270,414859764953;2201,8419974883786;0;8391;38;13835;3050;49;7;0;0;0,0;0,33074497437918804;0,0014978320851399291;0,5453291288923926;0,12022073314938904;0,001931415057154119;0,00027591643673630274;0,0;0,0
Pelotas;10937;28001;5,120416933345524;5153714,883000001;184,05467244027002;2,880405961415379;{0: 0, 1: 1956, 2: 18, 3: 6371, 4: 2563, 5: 28, 6: 1};{0: 0.0, 1: 0.17884246136966261, 2: 0.0016457895218067113, 3: 0.5825180579683643, 4: 0.23434214135503337, 5: 0.0025601170339215507, 6: 9.143275121148396e-05};8981;2758125,304999996;15715;175,5090871778553;1,081150092572316;0,0028635062042634426;7,065447796514571;5,801845721907046;3329,368516408221;1781,7857144302186;0;1956;18;6371;2563;28;1;0;0;0,0;0,17884246136966261;0,0016457895218067113;0,5825180579683643;0,23434214135503337;0,0025601170339215507;9,143275121148396e-05;0,0;0,0
Sapiranga;3571;9485;5,312237468496219;1140233,1480000003;120,21435403268322;2,8885466255950716;{0: 0, 1: 585, 2: 3, 3: 2215, 4: 762, 5: 5, 6: 1};{0: 0.0, 1: 0.16381965835900308, 2: 0.0008401008120974517, 3: 0.6202744329319518, 4: 0.21338560627275274, 5: 0.0014001680201624195, 6: 0.0002800336040324839};2986;601316,2319999962;5135;117,10150574488729;1,081255308151736;0,002142161635832522;25,839656636394977;21,606612914106805;8250,695331771421;4351,107523038568;0;585;3;2215;762;5;1;0;0;0,0;0,16381965835900308;0,0008401008120974517;0,6202744329319518;0,21338560627275274;0,0014001680201624195;0,0002800336040324839;0,0;0,0
Passo Fundo;7571;19840;5,241051380266808;3041736,4369999883;153,31332847782198;2,9512613921542727;{0: 0, 1: 1233, 2: 14, 3: 4257, 4: 2026, 5: 39, 6: 1, 7: 1};{0: 0.0, 1: 0.16285827499669792, 2: 0.0018491612732796196, 3: 0.5622771100250957, 4: 0.2676000528331792, 5: 0.005151234975564654, 6: 0.0001320829480914014, 7: 0.0001320829480914014};6338;1614665,5729999938;11155;144,74814639175202;1,0750302181483558;0,002510085163603765;9,725597556112703;8,141703514812088;3907,370817332723;2074,1761393089496;0;1233;14;4257;2026;39;1;1;0;0,0;0,16285827499669792;0,0018491612732796196;0,5622771100250957;0,2676000528331792;0,005151234975564654;0,0001320829480914014;0,0001320829480914014;0,0
Brasília;23671;55046;4,650923070423725;4290050,898999979;77,93574281509972;2,875332685564615;{0: 0, 1: 2944, 2: 134, 3: 17632, 4: 2854, 5: 104, 6: 3};{0: 0.0, 1: 0.12437159393350514, 2: 0.00566093532170166, 3: 0.7448776984495796, 4: 0.12056947319504879, 5: 0.004393561742216214, 6: 0.00012673735794854464};20727;2545121,8180000153;34033;74,78393964681383;1,099734678706641;0,005994182117356683;52,6430106625057;46,09571551695136;9540,838799321873;5660,211862716011;0;2944;134;17632;2854;104;3;0;0;0,0;0,12437159393350514;0,00566093532170166;0,7448776984495796;0,12056947319504879;0,004393561742216214;0,00012673735794854464;0,0;0,0
Limoeiro do Norte;3317;8940;5,390413023816702;2299346,5509999897;257,19760078299663;2,8221284293035875;{0: 0, 1: 604, 2: 0, 3: 2096, 4: 616, 5: 1};{0: 0.0, 1: 0.18209225203497137, 2: 0.0, 3: 0.6318962918299669, 4: 0.1857099788965933, 5: 0.00030147723846849563};2713;1160564,3960000023;4634;250,4454889943898;1,0680610568344338;0,0006473888649115235;4,457413238553255;3,6457528236945977;3089,8817474974744;1559,5764555091869;0;604;0;2096;616;1;0;0;0;0,0;0,18209225203497137;0,0;0,6318962918299669;0,1857099788965933;0,00030147723846849563;0,0;0,0;0,0
Lagoa Vermelha;2519;6264;4,973402143707821;2400418,262;383,20853480204346;2,727272727272727;{0: 0, 1: 544, 2: 0, 3: 1580, 4: 390, 5: 4, 6: 1};{0: 0.0, 1: 0.21595871377530765, 2: 0.0, 3: 0.6272330289797539, 4: 0.15482334259626837, 5: 0.0015879317189360857, 6: 0.0003969829297340214};1975;1215979,0410000018;3394;358,2731411314089;1,1013384560612527;0,0014731879787860931;1,9972159974219852;1,565899799487265;1903,1972026082883;964,1019425228454;0;544;0;1580;390;4;1;0;0;0,0;0,21595871377530765;0,0;0,6272330289797539;0,15482334259626837;0,0015879317189360857;0,0003969829297340214;0,0;0,0
Rio de Janeiro;116717;282390;4,838883795848077;24318624,55100043;86,11715907433135;2,7546115818603973;{0: 0, 1: 22227, 2: 249, 3: 78439, 4: 15575, 5: 194, 6: 33};{0: 0.0, 1: 0.19043498376414747, 2: 0.0021333653195335727, 3: 0.6720443465819033, 4: 0.13344242912343532, 5: 0.001662140048150655, 6: 0.0002827351628297506};94490;13727946,497999959;160811;85,36696182475053;1,0780407127716314;0,0032957944419225054;97,16409063122755;78,66064860941158;20244,669070488457;11428,184734977003;0;22227;249;78439;15575;194;33;0;0;0,0;0,19043498376414747;0,0021333653195335727;0,6720443465819033;0,13344242912343532;0,001662140048150655;0,0002827351628297506;0,0;0,0
Uruguaiana;3448;9127;5,294083526682135;4517098,754999968;494,9160463460029;2,839907192575406;{0: 0, 1: 715, 2: 2, 3: 1881, 4: 822, 5: 26, 6: 2};{0: 0.0, 1: 0.20736658932714616, 2: 0.000580046403712297, 3: 0.5455336426914154, 4: 0.23839907192575405, 5: 0.0075406032482598605, 6: 0.000580046403712297};2733;2288999,367999996;4889;468,1937754141943;1,1100999486134868;0,0022499488647985274;0,6061560280004317;0,48045951987389207;794,1028536590708;402,404514211826;0;715;2;1881;822;26;2;0;0;0,0;0,20736658932714616;0,000580046403712297;0,5455336426914154;0,23839907192575405;0,0075406032482598605;0,000580046403712297;0,0;0,0
Sobral;6355;16896;5,317387883556255;2633142,886000013;155,8441575520841;3,02360346184107;{0: 0, 1: 678, 2: 8, 3: 4164, 4: 1498, 5: 5, 6: 2};{0: 0.0, 1: 0.10668764752163651, 2: 0.0012588512981904013, 3: 0.6552321007081039, 4: 0.23571990558615263, 5: 0.0007867820613690008, 6: 0.0003147128245476003};5677;1399872,0010000046;9584;146,06343916944957;1,0596404844089033;0,0006260434056761269;3,0733704566483273;2,7454797926660195;1273,426208334564;676,9984659264503;0;678;8;4164;1498;5;2;0;0;0,0;0,10668764752163651;0,0012588512981904013;0,6552321007081039;0,23571990558615263;0,0007867820613690008;0,0003147128245476003;0,0;0,0
Tabuleiro do Norte;2331;6466;5,547833547833548;2143488,8470000057;331,5015228889585;2,8236808236808235;{0: 0, 1: 411, 2: 2, 3: 1505, 4: 413};{0: 0.0, 1: 0.17631917631917632, 2: 0.000858000858000858, 3: 0.6456456456456456, 4: 0.17717717717717718};1920;1074314,8979999989;3272;328,33584902200454;1,0668173847269347;0,0006112469437652812;2,226129125220745;1,833619871481695;2047,0540334159357;1025,9818464591813;0;411;2;1505;413;0;0;0;0;0,0;0,17631917631917632;0,000858000858000858;0,6456456456456456;0,17717717717717718;0,0;0,0;0,0;0,0
Jaguaribe;3087;8049;5,214771622934888;2812272,8849999877;349,39407193440024;2,7874959507612567;{0: 0, 1: 589, 2: 0, 3: 1984, 4: 508, 5: 4, 6: 2};{0: 0.0, 1: 0.19080012957563977, 2: 0.0, 3: 0.6426951733074182, 4: 0.1645610625202462, 5: 0.0012957563977972141, 6: 0.0006478781988986071};2498;1423329,154999998;4285;332,1654970828467;1,1137325973809575;0,0009334889148191366;1,6453040320424615;1,3313798095374372;1498,880439551074;758,6035625672453;0;589;0;1984;508;4;2;0;0;0,0;0,19080012957563977;0,0;0,6426951733074182;0,1645610625202462;0,0012957563977972141;0,0006478781988986071;0,0;0,0
Niterói;10971;25788;4,701121137544435;2421688,4359999937;93,90757080812757;2,7098714793546623;{0: 0, 1: 2335, 2: 20, 3: 7130, 4: 1465, 5: 21};{0: 0.0, 1: 0.21283383465499955, 2: 0.0018229878771306171, 3: 0.649895178197065, 4: 0.1335338619998177, 5: 0.0019141372709871479};8636;1350748,6820000045;14832;91,06989495685035;1,1034284999465538;0,003843042071197411;81,97062080625483;64,52449925100872;18093,820481109087;10092,216572488456;0;2335;20;7130;1465;21;0;0;0;0,0;0,21283383465499955;0,0018229878771306171;0,649895178197065;0,1335338619998177;0,0019141372709871479;0,0;0,0;0,0
Mongaguá;2448;7017;5,732843137254902;799814,3190000014;113,98237409149229;3,0559640522875817;{0: 0, 1: 335, 2: 0, 3: 1322, 4: 775, 5: 16};{0: 0.0, 1: 0.13684640522875818, 2: 0.0, 3: 0.5400326797385621, 4: 0.3165849673202614, 5: 0.006535947712418301};2113;423963,48900000047;3728;113,7241118562233;1,0383872739087465;0,000536480686695279;16,81782567163772;14,516366684710174;5494,745827868328;2912,6405429498795;0;335;0;1322;775;16;0;0;0;0,0;0,13684640522875818;0,0;0,5400326797385621;0,3165849673202614;0,006535947712418301;0,0;0,0;0,0
Sorocaba;25335;60506;4,776475231892639;6078820,135999993;100,46640227415452;2,850404578646142;{0: 0, 1: 4177, 2: 43, 3: 16568, 4: 4489, 5: 56, 6: 2};{0: 0.0, 1: 0.1648707321886718, 2: 0.0016972567594237221, 3: 0.653956976514703, 4: 0.1771857114663509, 5: 0.0022103808959936847, 6: 7.894217485691731e-05};21158;3485484,9159999886;36044;96,7008355343466;1,0650566643190589;0,0029685939407390967;56,35541434568457;47,06405591971558;13521,785178494978;7753,145712919398;0;4177;43;16568;4489;56;2;0;0;0,0;0,1648707321886718;0,0016972567594237221;0,653956976514703;0,1771857114663509;0,0022103808959936847;7,894217485691731e-05;0,0;0,0
Rondon do Pará;1561;4701;6,023062139654068;2030754,463999991;431,98350648797935;3,093529788597053;{0: 0, 1: 192, 2: 0, 3: 840, 4: 528, 5: 1};{0: 0.0, 1: 0.12299807815502883, 2: 0.0, 3: 0.5381165919282511, 4: 0.3382447149263293, 5: 0.0006406149903907751};1369;1019356,6239999986;2402;424,37827810158143;1,1415911362223494;0,0008326394671107411;0,1890456142440063;0,1657933670083566;245,93544204076625;123,44964709658956;0;192;0;840;528;1;0;0;0;0,0;0,12299807815502883;0,0;0,5381165919282511;0,3382447149263293;0,0006406149903907751;0,0;0,0;0,0
Canaã dos Carajás;4264;11801;5,535178236397749;3102908,620000002;262,93607490890616;3,0398686679174483;{0: 0, 1: 454, 2: 2, 3: 2730, 4: 1076, 5: 2};{0: 0.0, 1: 0.10647279549718575, 2: 0.00046904315196998124, 3: 0.6402439024390244, 4: 0.2523452157598499, 5: 0.00046904315196998124};3810;1603101,046;6467;247,8894458017628;1,0874738901190846;0,0015463120457708365;1,355577666458237;1,211245522796877;986,452539008619;509,6453975219135;0;454;2;2730;1076;2;0;0;0;0,0;0,10647279549718575;0,00046904315196998124;0,6402439024390244;0,2523452157598499;0,00046904315196998124;0,0;0,0;0,0
Corumbá;2466;6814;5,526358475263585;1192647,560000004;175,02899324919343;3,0052716950527167;{0: 0, 1: 346, 2: 1, 3: 1413, 4: 706};{0: 0.0, 1: 0.14030819140308193, 2: 0.00040551500405515005, 3: 0.572992700729927, 4: 0.28629359286293593};2120;613870,3899999999;3695;166,1354235453315;1,0525041403223225;0,0013531799729364006;0,03799176194043114;0,03266120653435281;18,374202018798144;9,457428109959293;0;346;1;1413;706;0;0;0;0;0,0;0,14030819140308193;0,00040551500405515005;0,572992700729927;0,28629359286293593;0,0;0,0;0,0;0,0
Itanhaém;7013;19928;5,683159846000285;2413398,651000024;121,10591383982457;2,988592613717382;{0: 0, 1: 1164, 2: 0, 3: 3613, 4: 2225, 5: 10, 6: 1};{0: 0.0, 1: 0.16597747041209182, 2: 0.0, 3: 0.5151860829887352, 4: 0.317267930985313, 5: 0.0014259232853272494, 6: 0.00014259232853272493};5849;1260010,3890000049;10460;120,45988422562188;1,0204442261931477;0,0002868068833652008;11,700354319155165;9,758359106336599;4026,4678924955624;2102,177099260885;0;1164;0;3613;2225;10;1;0;0;0,0;0,16597747041209182;0,0;0,5151860829887352;0,317267930985313;0,0014259232853272494;0,00014259232853272493;0,0;0,0
Londrina;20982;53111;5,0625297874368504;7808047,932999996;147,01376236561157;2,969640644361834;{0: 0, 1: 2421, 2: 35, 3: 14353, 4: 4118, 5: 46, 6: 7, 7: 1, 8: 1};{0: 0.0, 1: 0.11538461538461539, 2: 0.0016680964636354972, 3: 0.6840625297874369, 4: 0.1962634639214565, 5: 0.002192355352206653, 6: 0.0003336192927270994, 7: 4.76598989610142e-05, 8: 4.76598989610142e-05};18561;4285673,2109999815;31106;137,77641647913526;1,0874972756920436;0,0024432585353308042;12,709177330376434;11,242733792256077;4729,476016803743;2595,909866487587;0;2421;35;14353;4118;46;7;1;1;0,0;0,11538461538461539;0,0016680964636354972;0,6840625297874369;0,1962634639214565;0,002192355352206653;0,0003336192927270994;4,76598989610142e-05;4,76598989610142e-05
Afonso Cláudio;2407;5553;4,6140423764021605;2772574,473000002;499,2930799567805;2,3793103448275863;{0: 0, 1: 789, 2: 0, 3: 1535, 4: 82, 5: 1};{0: 0.0, 1: 0.32779393435812215, 2: 0.0, 3: 0.6377233070211882, 4: 0.03406730369754882, 5: 0.0004154549231408392};1618;1390320,9359999981;2824;492,3232776203959;1,234207541786067;0,00141643059490085;2,5300774164986355;1,7007333859139144;2914,344852387998;1461,4123813289737;0;789;0;1535;82;1;0;0;0;0,0;0,32779393435812215;0,0;0,6377233070211882;0,03406730369754882;0,0004154549231408392;0,0;0,0;0,0
Navegantes;3293;8504;5,164895232310963;968158,8149999972;113,84746178269016;2,898269055572426;{0: 0, 1: 558, 2: 3, 3: 1953, 4: 775, 5: 3, 6: 1};{0: 0.0, 1: 0.16945034922563013, 2: 0.0009110233829334953, 3: 0.5930762222897055, 4: 0.23534770725781962, 5: 0.0009110233829334953, 6: 0.0003036744609778318};2735;524634,8719999994;4761;110,19426002940546;1,055981621101766;0,0010501995379122034;29,522444132392064;24,519855664164073;8679,74932496821;4703,463012002625;0;558;3;1953;775;3;1;0;0;0,0;0,16945034922563013;0,0009110233829334953;0,5930762222897055;0,23534770725781962;0,0009110233829334953;0,0003036744609778318;0,0;0,0
Penha;2303;5732;4,977854971775945;638184,2339999987;111,33709595254687;2,7372991749891447;{0: 0, 1: 544, 2: 0, 3: 1283, 4: 470, 5: 5, 6: 1};{0: 0.0, 1: 0.23621363438992618, 2: 0.0, 3: 0.5570994355188884, 4: 0.20408163265306123, 5: 0.0021710811984368217, 6: 0.0004342162396873643};1759;346752,1410000009;3137;110,53622601211376;1,0466866569891429;0,0;39,29201188834903;30,01070295770992;10888,207776502331;5916,017909892537;0;544;0;1283;470;5;1;0;0;0,0;0,23621363438992618;0,0;0,5570994355188884;0,20408163265306123;0,0021710811984368217;0,0004342162396873643;0,0;0,0
Itajaí;9461;22994;4,860796955924321;2346507,2740000105;102,04867678524879;2,8527639784377974;{0: 0, 1: 1765, 2: 19, 3: 5569, 4: 2064, 5: 42, 6: 1, 7: 0, 8: 1};{0: 0.0, 1: 0.18655533241729205, 2: 0.002008244371630906, 3: 0.5886269950322376, 4: 0.21815875700243104, 5: 0.0044392770320262126, 6: 0.00010569707219110031, 7: 0.0, 8: 0.00010569707219110031};7696;1329522,9560000035;13485;98,59272940304068;1,1019897362316955;0,00385613644790508;32,81079657858732;26,689767515992813;8137,699274642195;4610,792437995795;0;1765;19;5569;2064;42;1;0;1;0,0;0,18655533241729205;0,002008244371630906;0,5886269950322376;0,21815875700243104;0,0044392770320262126;0,00010569707219110031;0,0;0,00010569707219110031
Itapema;2520;6207;4,9261904761904765;702627,5589999995;113,1992200741098;2,776984126984127;{0: 0, 1: 547, 2: 2, 3: 1446, 4: 516, 5: 9};{0: 0.0, 1: 0.21706349206349207, 2: 0.0007936507936507937, 3: 0.5738095238095238, 4: 0.20476190476190476, 5: 0.0035714285714285713};1973;391493,6970000005;3489;112,207995700774;1,0767095483586244;0,0005732301519059903;43,7949323936098;34,288651433568305;12210,923192179389;6803,746028825151;0;547;2;1446;516;9;0;0;0;0,0;0,21706349206349207;0,0007936507936507937;0,5738095238095238;0,20476190476190476;0,0035714285714285713;0,0;0,0;0,0
Balneário Piçarras;1833;4651;5,074740861974904;724039,3930000021;155,67391808213333;2,716857610474632;{0: 0, 1: 432, 2: 0, 3: 1057, 4: 343, 5: 1};{0: 0.0, 1: 0.23567921440261866, 2: 0.0, 3: 0.5766503000545554, 4: 0.18712493180578288, 5: 0.0005455537370430987};1401;381394,5539999993;2462;154,91249147034904;1,0880629120421736;0,0020308692120227455;18,61802004909388;14,23013971019123;7354,162539666013;3873,874224215606;0;432;0;1057;343;1;0;0;0;0,0;0,23567921440261866;0,0;0,5766503000545554;0,18712493180578288;0,0005455537370430987;0,0;0,0;0,0
Balneário Camboriú;3281;7077;4,313928680280402;673121,0860000048;95,11390221845483;2,8137762877171593;{0: 0, 1: 625, 2: 6, 3: 2021, 4: 614, 5: 14, 6: 1};{0: 0.0, 1: 0.19049070405364218, 2: 0.001828710758914965, 3: 0.6159707406278574, 4: 0.18713806766229807, 5: 0.004266991770801585, 6: 0.00030478512648582747};2656;435291,67699999997;4603;94,56695133608515;1,0504441776570417;0,0017379969585053225;71,46907656898976;57,85488185529923;14662,40244911182;9481,83303668301;0;625;6;2021;614;14;1;0;0;0,0;0,19049070405364218;0,001828710758914965;0,6159707406278574;0,18713806766229807;0,004266991770801585;0,00030478512648582747;0,0;0,0
Bombinhas;1958;5220;5,33197139938713;544848,0460000015;104,3770203065137;2,8054136874361593;{0: 0, 1: 438, 2: 2, 3: 1034, 4: 471, 5: 13};{0: 0.0, 1: 0.2236976506639428, 2: 0.0010214504596527069, 3: 0.5280898876404494, 4: 0.24055158324821246, 5: 0.006639427987742594};1520;280925,89000000054;2738;102,60258948137346;1,0543322141679414;0,0007304601899196494;56,79358310344476;44,088991990416766;15803,816536900193;8148,512706651793;0;438;2;1034;471;13;0;0;0;0,0;0,2236976506639428;0,0010214504596527069;0,5280898876404494;0,24055158324821246;0,006639427987742594;0,0;0,0;0,0
Ilhota;1238;2948;4,762520193861066;704868,6259999999;239,10061940298505;2,5670436187399033;{0: 0, 1: 322, 2: 1, 3: 809, 4: 103, 5: 3};{0: 0.0, 1: 0.26009693053311794, 2: 0.0008077544426494346, 3: 0.6534733441033925, 4: 0.08319870759289176, 5: 0.0024232633279483036};916;367942,7049999994;1574;233,7628367217277;1,1386887953857698;0,0;4,87842799073805;3,609563844520238;2777,585488587617;1449,9046777543379;0;322;1;809;103;3;0;0;0;0,0;0,26009693053311794;0,0008077544426494346;0,6534733441033925;0,08319870759289176;0,0024232633279483036;0,0;0,0;0,0
Luiz Alves;722;1665;4,61218836565097;743735,2360000014;446,6878294294303;2,4293628808864267;{0: 0, 1: 227, 2: 0, 3: 455, 4: 38, 5: 2};{0: 0.0, 1: 0.314404432132964, 2: 0.0, 3: 0.6301939058171745, 4: 0.05263157894736842, 5: 0.002770083102493075};495;374238,44000000047;857;436,6842940490087;1,221058747375227;0,0;2,771777452152138;1,9003183363092913;2855,2196087477187;1436,7114539066372;0;227;0;455;38;2;0;0;0;0,0;0,314404432132964;0,0;0,6301939058171745;0,05263157894736842;0,002770083102493075;0,0;0,0;0,0
Porto Belo;2177;5390;4,951768488745981;742105,1700000025;137,68184972170732;2,66421681212678;{0: 0, 1: 526, 2: 2, 3: 1333, 4: 310, 5: 5, 6: 1};{0: 0.0, 1: 0.2416169039963252, 2: 0.0009186954524575103, 3: 0.6123105190629307, 4: 0.1423977951309141, 5: 0.0022967386311437757, 6: 0.00045934772622875517};1651;387564,19899999996;2880;134,57090243055555;1,1012186193882336;0,001388888888888889;23,13509742115406;17,54526680860145;7886,392009504894;4118,665824904244;0;526;2;1333;310;5;1;0;0;0,0;0,2416169039963252;0,0009186954524575103;0,6123105190629307;0,1423977951309141;0,0022967386311437757;0,00045934772622875517;0,0;0,0
Blumenau;17313;37839;4,371166175706117;3830236,6120000305;101,22457284812047;2,4300814416912146;{0: 0, 1: 5615, 2: 44, 3: 10312, 4: 1281, 5: 57, 6: 4};{0: 0.0, 1: 0.32432276324149484, 2: 0.002541442846415988, 3: 0.5956217870964016, 4: 0.07399064286952002, 5: 0.00329232368740253, 6: 0.00023104025876508982};11698;2009853,8960000013;21016;95,63446402740776;1,1072056701697415;0,002902550437761705;33,47125284264573;22,61576363156413;7405,003066332339;3885,654013157318;0;5615;44;10312;1281;57;4;0;0;0,0;0,32432276324149484;0,002541442846415988;0,5956217870964016;0,07399064286952002;0,00329232368740253;0,00023104025876508982;0,0;0,0
Rio Negrinho;3414;8595;5,035149384885765;3185922,955999984;370,6716644560772;2,6203866432337435;{0: 0, 1: 813, 2: 0, 3: 2278, 4: 316, 5: 7};{0: 0.0, 1: 0.23813708260105448, 2: 0.0, 3: 0.667252489748096, 4: 0.09256004686584651, 5: 0.002050380785002929};2601;1600765,9340000027;4442;360,37053894642116;1,1595822268670304;0,0027014858171994596;3,7637559602369306;2,8674660962437777;3512,3129802286467;1764,7604935667098;0;813;0;2278;316;7;0;0;0;0,0;0,23813708260105448;0,0;0,667252489748096;0,09256004686584651;0,002050380785002929;0,0;0,0;0,0
Videira;2722;6525;4,794268919911829;1562012,9289999956;239,38895463601466;2,6645848640705365;{0: 0, 1: 626, 2: 5, 3: 1759, 4: 322, 5: 8, 6: 2};{0: 0.0, 1: 0.22997795738427626, 2: 0.0018368846436443791, 3: 0.6462160176340925, 4: 0.11829537105069801, 5: 0.0029390154298310064, 6: 0.0007347538574577516};2096;803000,406000002;3604;222,8081037735855;1,1433290868981227;0,001942286348501665;7,08273087296181;5,453858894095501;4064,407493091026;2089,432684267848;0;626;5;1759;322;8;2;0;0;0,0;0,22997795738427626;0,0018368846436443791;0,6462160176340925;0,11829537105069801;0,0029390154298310064;0,0007347538574577516;0,0;0,0
Macaé;8029;19480;4,852410013700336;2260212,2999999705;116,02732546201081;2,7448000996388093;{0: 0, 1: 1511, 2: 6, 3: 5538, 4: 969, 5: 5};{0: 0.0, 1: 0.1881928010960269, 2: 0.000747291069871715, 3: 0.689749657491593, 4: 0.12068750778428197, 5: 0.0006227425582264292};6518;1242368,5490000024;10998;112,96313411529391;1,0785433962306399;0,0019094380796508457;22,398831932898982;18,18353301016759;6305,407328480557;3465,886701677747;0;1511;6;5538;969;5;0;0;0;0,0;0,1881928010960269;0,000747291069871715;0,689749657491593;0,12068750778428197;0,0006227425582264292;0,0;0,0;0,0
